{"cameraMode":{"drawMode":0,"name":"Shaded","section":"Shading Mode"},"sceneLighting":false,"audioPlay":false,"sceneViewState":{"showFog":true,"showMaterialUpdate":false,"showSkybox":false,"showFlares":true,"showImageEffects":true,"showParticleSystems":true},"in2DMode":false,"pivot":{"x":0.037836432456970218,"y":2.901728391647339,"z":-0.004777431488037109},"rotation":{"x":0.05727768316864967,"y":0.3946255147457123,"z":-0.024657385423779489,"w":0.9167236089706421},"size":11.832433700561524,"orthographic":false}